{"cameraMode":{"drawMode":0,"name":"Shaded","section":"Shading Mode"},"sceneLighting":false,"audioPlay":false,"sceneViewState":{"showFog":true,"showMaterialUpdate":true,"showSkybox":true,"showFlares":true,"showImageEffects":true,"showParticleSystems":true},"in2DMode":false,"pivot":{"x":285.75372314453127,"y":394.5699157714844,"z":2.741711378097534},"rotation":{"x":-0.004809574689716101,"y":-0.005402739625424147,"z":0.000026002780941780657,"w":-0.9999744296073914},"size":208.78770446777345,"orthographic":false}