{"cameraMode":{"drawMode":0,"name":"Shaded","section":"Shading Mode"},"sceneLighting":false,"audioPlay":false,"sceneViewState":{"showFog":true,"showMaterialUpdate":true,"showSkybox":false,"showFlares":true,"showImageEffects":true,"showParticleSystems":true},"in2DMode":false,"pivot":{"x":90.98762512207031,"y":333.3709716796875,"z":1.1876919269561768},"rotation":{"x":-0.004809574689716101,"y":-0.005402739625424147,"z":0.000026002780941780657,"w":-0.9999744296073914},"size":562.8191528320313,"orthographic":false}