{"cameraMode":{"drawMode":0,"name":"Shaded","section":"Shading Mode"},"sceneLighting":false,"audioPlay":false,"sceneViewState":{"showFog":true,"showMaterialUpdate":true,"showSkybox":true,"showFlares":true,"showImageEffects":true,"showParticleSystems":true},"in2DMode":false,"pivot":{"x":469.65802001953127,"y":296.9486083984375,"z":-1.7060831785202027},"rotation":{"x":-0.004809574689716101,"y":-0.005402739625424147,"z":0.000026002780941780657,"w":-0.9999744296073914},"size":799.6383056640625,"orthographic":false}