{"cameraMode":{"drawMode":0,"name":"Shaded","section":"Shading Mode"},"sceneLighting":false,"audioPlay":false,"sceneViewState":{"showFog":true,"showMaterialUpdate":true,"showSkybox":true,"showFlares":true,"showImageEffects":true,"showParticleSystems":true},"in2DMode":false,"pivot":{"x":459.64093017578127,"y":316.9136962890625,"z":0.1147381067276001},"rotation":{"x":-0.004809574689716101,"y":-0.005402739625424147,"z":0.000026002780941780657,"w":-0.9999744296073914},"size":749.2529296875,"orthographic":false}